university_id,university,city,state,type,public_or_private,about,website,admissions_or_apply_link,application_portal,uni_assist_link,image_url,link_status,last_verified
1,TU Munich (TUM),Munich,Bavaria,TU9,Public,"One of Germany's leading technical universities, strong in engineering, computer science and industry links.",https://www.tum.de,https://www.tum.de/en/studies/application,TUMonline application portal + uni-assist VPD,https://www.uni-assist.de/en/,,verified,2026-10-08
2,RWTH Aachen,Aachen,NRW,TU9,Public,"Large technical university known for engineering and computer science, with strong industry research.",https://www.rwth-aachen.de,https://sc.informatik.rwth-aachen.de/en/studium/master/informatik/start-ins-studium/,RWTH online portal (online.rwth-aachen.de),https://www.uni-assist.de/en/,,verified,2026-10-08
3,KIT,Karlsruhe,Baden-Wurttemberg,TU9,Public,Research university in Karlsruhe combining a university and national research centre; strong in informatics and engineering.,https://www.kit.edu,https://www.intl.kit.edu/istudies/12643.php,KIT online portal for international applicants,https://www.uni-assist.de/en/,,verified,2026-10-08
4,TU Berlin,Berlin,Berlin,TU9,Public,Public German university; check the program page for English-taught options and entry requirements.,https://www.tu.berlin,https://www.tu.berlin,University portal or uni-assist (verify),https://www.uni-assist.de/en/,,root_link_only_verify_deep_link,
5,TU Darmstadt,Darmstadt,Hesse,TU9,Public,Public German university; check the program page for English-taught options and entry requirements.,https://www.tu-darmstadt.de,https://www.tu-darmstadt.de,University portal or uni-assist (verify),https://www.uni-assist.de/en/,,root_link_only_verify_deep_link,
6,University of Stuttgart,Stuttgart,Baden-Wurttemberg,TU9,Public,Public German university; check the program page for English-taught options and entry requirements.,https://www.uni-stuttgart.de,https://www.uni-stuttgart.de,University portal or uni-assist (verify),https://www.uni-assist.de/en/,,root_link_only_verify_deep_link,
7,TU Dresden,Dresden,Saxony,TU9,Public,Public German university; check the program page for English-taught options and entry requirements.,https://www.tu-dresden.de,https://www.tu-dresden.de,University portal or uni-assist (verify),https://www.uni-assist.de/en/,,root_link_only_verify_deep_link,
8,Saarland University,Saarbrucken,Saarland,University,Public,Public German university; check the program page for English-taught options and entry requirements.,https://www.uni-saarland.de,https://www.uni-saarland.de,University portal or uni-assist (verify),https://www.uni-assist.de/en/,,root_link_only_verify_deep_link,
9,University of Freiburg,Freiburg,Baden-Wurttemberg,University,Public,Public German university; check the program page for English-taught options and entry requirements.,https://www.uni-freiburg.de,https://www.uni-freiburg.de,University portal or uni-assist (verify),https://www.uni-assist.de/en/,,root_link_only_verify_deep_link,
10,University of Bonn,Bonn,NRW,University,Public,Public German university; check the program page for English-taught options and entry requirements.,https://www.uni-bonn.de,https://www.uni-bonn.de,University portal or uni-assist (verify),https://www.uni-assist.de/en/,,root_link_only_verify_deep_link,
11,TU Chemnitz,Chemnitz,Saxony,TU,Public,Public German university; check the program page for English-taught options and entry requirements.,https://www.tu-chemnitz.de,https://www.tu-chemnitz.de,University portal or uni-assist (verify),https://www.uni-assist.de/en/,,root_link_only_verify_deep_link,
12,TU Hamburg (TUHH),Hamburg,Hamburg,TU,Public,Public German university; check the program page for English-taught options and entry requirements.,https://www.tuhh.de,https://www.tuhh.de,University portal or uni-assist (verify),https://www.uni-assist.de/en/,,root_link_only_verify_deep_link,
13,University of Passau,Passau,Bavaria,University,Public,Public German university; check the program page for English-taught options and entry requirements.,https://www.uni-passau.de,https://www.uni-passau.de,University portal or uni-assist (verify),https://www.uni-assist.de/en/,,root_link_only_verify_deep_link,
14,University of Magdeburg,Magdeburg,Saxony-Anhalt,University,Public,Public German university; check the program page for English-taught options and entry requirements.,https://www.ovgu.de,https://www.ovgu.de,University portal or uni-assist (verify),https://www.uni-assist.de/en/,,root_link_only_verify_deep_link,
15,University of Mannheim,Mannheim,Baden-Wurttemberg,University,Public,Public German university; check the program page for English-taught options and entry requirements.,https://www.uni-mannheim.de,https://www.uni-mannheim.de,University portal or uni-assist (verify),https://www.uni-assist.de/en/,,root_link_only_verify_deep_link,
16,University of Tubingen,Tubingen,Baden-Wurttemberg,University,Public,Public German university; check the program page for English-taught options and entry requirements.,https://www.uni-tuebingen.de,https://www.uni-tuebingen.de,University portal or uni-assist (verify),https://www.uni-assist.de/en/,,root_link_only_verify_deep_link,
17,TUM School of Management,Munich,Bavaria,TU9,Public,"TUM's business school, known for management, technology and entrepreneurship.",https://www.tum.de,https://www.tum.de/en/studies/application,TUMonline application portal,https://www.uni-assist.de/en/,,verified,2026-10-08
18,ESMT Berlin,Berlin,Berlin,Private,Private,Public German university; check the program page for English-taught options and entry requirements.,https://www.esmt.org,https://www.esmt.org,University portal or uni-assist (verify),https://www.uni-assist.de/en/,,root_link_only_verify_deep_link,
19,Frankfurt School,Frankfurt,Hesse,Private,Private,Public German university; check the program page for English-taught options and entry requirements.,https://www.frankfurt-school.de,https://www.frankfurt-school.de,University portal or uni-assist (verify),https://www.uni-assist.de/en/,,root_link_only_verify_deep_link,
20,Universities of Applied Sciences (add from DAAD),Various,Various,UAS,Public,Universities of Applied Sciences focus on practice-oriented study with industry projects.,https://www.daad.de,https://www2.daad.de/deutschland/studienangebote/international-programmes/en/,University portal or uni-assist (verify),https://www.uni-assist.de/en/,,root_link_only_verify_deep_link,
21,Charite / Berlin School of Public Health,Berlin,Berlin,University hospital,Public,Public German university; check the program page for English-taught options and entry requirements.,https://www.charite.de,https://www.charite.de,University portal or uni-assist (verify),https://www.uni-assist.de/en/,,root_link_only_verify_deep_link,
22,University of Goettingen,Goettingen,Lower Saxony,University,Public,Public German university; check the program page for English-taught options and entry requirements.,https://www.uni-goettingen.de,https://www.uni-goettingen.de,University portal or uni-assist (verify),https://www.uni-assist.de/en/,,root_link_only_verify_deep_link,
23,LMU Munich,Munich,Bavaria,University,Public,Public German university; check the program page for English-taught options and entry requirements.,https://www.lmu.de,https://www.lmu.de,University portal or uni-assist (verify),https://www.uni-assist.de/en/,,root_link_only_verify_deep_link,
24,University of Tuebingen,Tuebingen,Baden-Wurttemberg,University,Public,Public German university; check the program page for English-taught options and entry requirements.,https://www.uni-tuebingen.de,https://www.uni-tuebingen.de,University portal or uni-assist (verify),https://www.uni-assist.de/en/,,root_link_only_verify_deep_link,
25,University of Luebeck,Luebeck,Schleswig-Holstein,University,Public,Public German university; check the program page for English-taught options and entry requirements.,https://www.uni-luebeck.de,https://www.uni-luebeck.de,University portal or uni-assist (verify),https://www.uni-assist.de/en/,,root_link_only_verify_deep_link,
26,Heidelberg University,Heidelberg,Baden-Wurttemberg,University,Public,Public German university; check the program page for English-taught options and entry requirements.,https://www.uni-heidelberg.de,https://www.uni-heidelberg.de,University portal or uni-assist (verify),https://www.uni-assist.de/en/,,root_link_only_verify_deep_link,
27,WHU Otto Beisheim,Vallendar,Rhineland-Palatinate,Private,Private,Public German university; check the program page for English-taught options and entry requirements.,https://www.whu.edu,https://www.whu.edu,University portal or uni-assist (verify),https://www.uni-assist.de/en/,,root_link_only_verify_deep_link,
28,HHL Leipzig,Leipzig,Saxony,Private,Private,Public German university; check the program page for English-taught options and entry requirements.,https://www.hhl.de,https://www.hhl.de,University portal or uni-assist (verify),https://www.uni-assist.de/en/,,root_link_only_verify_deep_link,
29,University of Cologne,Cologne,NRW,University,Public,Public German university; check the program page for English-taught options and entry requirements.,https://www.uni-koeln.de,https://www.uni-koeln.de,University portal or uni-assist (verify),https://www.uni-assist.de/en/,,root_link_only_verify_deep_link,
30,University of Oldenburg,Oldenburg,Lower Saxony,University,Public,Public German university; check the program page for English-taught options and entry requirements.,https://www.uni-oldenburg.de,https://www.uni-oldenburg.de,University portal or uni-assist (verify),https://www.uni-assist.de/en/,,root_link_only_verify_deep_link,
