deadline_id,program_id,university,program,intake,application_opens,deadline_date,applicant_group,status,source_link,notes
1,1,TU Munich (TUM),MSc Informatics,SS 2027,2026-10-01,2026-11-30,All applicants,verified_pattern_confirm_year,https://www.cit.tum.de/en/cit/studies/degree-programs/master-informatics/,Application period 1 Oct-30 Nov (pattern from official TUM page; confirm year)
2,1,TU Munich (TUM),MSc Informatics,WS 2027/28,2027-02-01,2027-05-31,All applicants,verified_pattern_confirm_year,https://www.cit.tum.de/en/cit/studies/degree-programs/master-informatics/,Application period 1 Feb-31 May; start uni-assist VPD early
3,2,RWTH Aachen,MSc Computer Science,WS 2027/28,,2027-03-01,Non-EU,verified_pattern_confirm_year,https://sc.informatik.rwth-aachen.de/en/studium/master/informatik/start-ins-studium/,Winter start only for first semester; GRE General must be submitted before the deadline; confirm date and portal opening
4,3,KIT,MSc Computer Science,SS 2027,2026-12-01,2027-01-15,Non-EU,verified_pattern_confirm_year,https://www.intl.kit.edu/istudies/12643.php,KIT portal opens about 6 weeks before deadline; confirm year-specific date
5,3,KIT,MSc Computer Science,WS 2027/28,2027-05-15,2027-07-15,Non-EU,verified_pattern_confirm_year,https://www.intl.kit.edu/istudies/12643.php,Strict deadline; submit early
6,4,TU Berlin,MSc Computer Science,WS 2027/28,,,International,to_verify,https://www.tu.berlin,Typical window: Jan-May 2027 (verify). Do not tell students an exact date until verified.
7,4,TU Berlin,MSc Computer Science,SS 2027,,,International,to_verify,https://www.tu.berlin,Typical window: Oct 2026-Jan 2027 (verify). Do not tell students an exact date until verified.
8,5,TU Darmstadt,MSc Computer Science,WS 2027/28,,,International,to_verify,https://www.tu-darmstadt.de,Typical window: Jan-May 2027 (verify). Do not tell students an exact date until verified.
9,5,TU Darmstadt,MSc Computer Science,SS 2027,,,International,to_verify,https://www.tu-darmstadt.de,Typical window: Oct 2026-Jan 2027 (verify). Do not tell students an exact date until verified.
10,6,University of Stuttgart,MSc Computer Science,WS 2027/28,,,International,to_verify,https://www.uni-stuttgart.de,Typical window: Jan-May 2027 (verify). Do not tell students an exact date until verified.
11,7,TU Dresden,MSc Computer Science,WS 2027/28,,,International,to_verify,https://www.tu-dresden.de,Typical window: Jan-May 2027 (verify). Do not tell students an exact date until verified.
12,7,TU Dresden,MSc Computer Science,SS 2027,,,International,to_verify,https://www.tu-dresden.de,Typical window: Oct 2026-Jan 2027 (verify). Do not tell students an exact date until verified.
13,8,Saarland University,MSc Computer Science,WS 2027/28,,,International,to_verify,https://www.uni-saarland.de,Typical window: Jan-May 2027 (verify). Do not tell students an exact date until verified.
14,8,Saarland University,MSc Computer Science,SS 2027,,,International,to_verify,https://www.uni-saarland.de,Typical window: Oct 2026-Jan 2027 (verify). Do not tell students an exact date until verified.
15,9,University of Freiburg,MSc Computer Science,WS 2027/28,,,International,to_verify,https://www.uni-freiburg.de,Typical window: Jan-May 2027 (verify). Do not tell students an exact date until verified.
16,10,University of Bonn,MSc Computer Science,WS 2027/28,,,International,to_verify,https://www.uni-bonn.de,Typical window: Jan-May 2027 (verify). Do not tell students an exact date until verified.
17,11,TU Chemnitz,MSc Computer Science,WS 2027/28,,,International,to_verify,https://www.tu-chemnitz.de,Typical window: Jan-May 2027 (verify). Do not tell students an exact date until verified.
18,11,TU Chemnitz,MSc Computer Science,SS 2027,,,International,to_verify,https://www.tu-chemnitz.de,Typical window: Oct 2026-Jan 2027 (verify). Do not tell students an exact date until verified.
19,12,TU Hamburg (TUHH),MSc Computer Science,WS 2027/28,,,International,to_verify,https://www.tuhh.de,Typical window: Jan-May 2027 (verify). Do not tell students an exact date until verified.
20,12,TU Hamburg (TUHH),MSc Computer Science,SS 2027,,,International,to_verify,https://www.tuhh.de,Typical window: Oct 2026-Jan 2027 (verify). Do not tell students an exact date until verified.
21,13,University of Passau,MSc Computer Science,WS 2027/28,,,International,to_verify,https://www.uni-passau.de,Typical window: Jan-May 2027 (verify). Do not tell students an exact date until verified.
22,13,University of Passau,MSc Computer Science,SS 2027,,,International,to_verify,https://www.uni-passau.de,Typical window: Oct 2026-Jan 2027 (verify). Do not tell students an exact date until verified.
23,14,University of Magdeburg,MSc Computer Science / Data and Knowledge Engineering,WS 2027/28,,,International,to_verify,https://www.ovgu.de,Typical window: Jan-May 2027 (verify). Do not tell students an exact date until verified.
24,14,University of Magdeburg,MSc Computer Science / Data and Knowledge Engineering,SS 2027,,,International,to_verify,https://www.ovgu.de,Typical window: Oct 2026-Jan 2027 (verify). Do not tell students an exact date until verified.
25,15,TU Munich (TUM),MSc Data Engineering and Analytics,WS 2027/28,,,International,to_verify,https://www.tum.de,Typical window: Jan-May 2027 (verify). Do not tell students an exact date until verified.
26,16,Saarland University,MSc Data Science and Artificial Intelligence,WS 2027/28,,,International,to_verify,https://www.uni-saarland.de,Typical window: Jan-May 2027 (verify). Do not tell students an exact date until verified.
27,17,University of Mannheim,MSc Data Science,WS 2027/28,,,International,to_verify,https://www.uni-mannheim.de,Typical window: Jan-May 2027 (verify). Do not tell students an exact date until verified.
28,18,University of Tubingen,MSc Machine Learning,WS 2027/28,,,International,to_verify,https://www.uni-tuebingen.de,Typical window: Jan-May 2027 (verify). Do not tell students an exact date until verified.
29,19,University of Mannheim,MSc Management,WS 2027/28,,,International,to_verify,https://www.uni-mannheim.de,Typical window: Jan-May 2027 (verify). Do not tell students an exact date until verified.
30,20,TUM School of Management,MSc Management,WS 2027/28,,,International,to_verify,https://www.tum.de,Typical window: Jan-May 2027 (verify). Do not tell students an exact date until verified.
31,23,RWTH Aachen,MSc Mechanical Engineering (check English track),WS 2027/28,,,International,to_verify,https://www.rwth-aachen.de,Typical window: Jan-May 2027 (verify). Do not tell students an exact date until verified.
32,23,RWTH Aachen,MSc Mechanical Engineering (check English track),SS 2027,,,International,to_verify,https://www.rwth-aachen.de,Typical window: Oct 2026-Jan 2027 (verify). Do not tell students an exact date until verified.
33,24,TU Berlin,MSc Electrical Engineering / Mechanical (verify tracks),WS 2027/28,,,International,to_verify,https://www.tu.berlin,Typical window: Jan-May 2027 (verify). Do not tell students an exact date until verified.
34,24,TU Berlin,MSc Electrical Engineering / Mechanical (verify tracks),SS 2027,,,International,to_verify,https://www.tu.berlin,Typical window: Oct 2026-Jan 2027 (verify). Do not tell students an exact date until verified.
35,25,TU Chemnitz,MSc Mechanical / Electrical (verify English tracks),WS 2027/28,,,International,to_verify,https://www.tu-chemnitz.de,Typical window: Jan-May 2027 (verify). Do not tell students an exact date until verified.
36,25,TU Chemnitz,MSc Mechanical / Electrical (verify English tracks),SS 2027,,,International,to_verify,https://www.tu-chemnitz.de,Typical window: Oct 2026-Jan 2027 (verify). Do not tell students an exact date until verified.
37,26,Universities of Applied Sciences (add from DAAD),Add specific programs from DAAD database,WS 2027/28,,,International,to_verify,https://www2.daad.de/deutschland/studienangebote/international-programmes/en/,Typical window: Jan-May 2027 (verify). Do not tell students an exact date until verified.
38,26,Universities of Applied Sciences (add from DAAD),Add specific programs from DAAD database,SS 2027,,,International,to_verify,https://www2.daad.de/deutschland/studienangebote/international-programmes/en/,Typical window: Oct 2026-Jan 2027 (verify). Do not tell students an exact date until verified.
39,27,Charite / Berlin School of Public Health,Master of Public Health (MPH),WS 2027/28,,,International,to_verify,https://www.charite.de,Typical window: Jan-May 2027 (verify). Do not tell students an exact date until verified.
40,28,University of Goettingen,MSc Molecular Medicine,WS 2027/28,,,International,to_verify,https://www.uni-goettingen.de,Typical window: Jan-May 2027 (verify). Do not tell students an exact date until verified.
41,29,TU Munich (TUM),MSc Biomedical Engineering and Medical Physics,WS 2027/28,,,International,to_verify,https://www.tum.de,Typical window: Jan-May 2027 (verify). Do not tell students an exact date until verified.
42,30,LMU Munich,MSc Neuroscience,WS 2027/28,,,International,to_verify,https://www.lmu.de,Typical window: Jan-May 2027 (verify). Do not tell students an exact date until verified.
43,31,University of Tuebingen,MSc Neuroscience / Neural and Behavioural Sciences,WS 2027/28,,,International,to_verify,https://www.uni-tuebingen.de,Typical window: Jan-May 2027 (verify). Do not tell students an exact date until verified.
44,32,University of Luebeck,MSc Infection Biology / Medical Informatics tracks,WS 2027/28,,,International,to_verify,https://www.uni-luebeck.de,Typical window: Jan-May 2027 (verify). Do not tell students an exact date until verified.
45,33,Heidelberg University,Global/International Health programs,WS 2027/28,,,International,to_verify,https://www.uni-heidelberg.de,Typical window: Jan-May 2027 (verify). Do not tell students an exact date until verified.
46,34,Universities of Applied Sciences (add from DAAD),Healthcare management / Biomedical / Health informatics,WS 2027/28,,,International,to_verify,https://www2.daad.de/deutschland/studienangebote/international-programmes/en/,Typical window: Jan-May 2027 (verify). Do not tell students an exact date until verified.
47,34,Universities of Applied Sciences (add from DAAD),Healthcare management / Biomedical / Health informatics,SS 2027,,,International,to_verify,https://www2.daad.de/deutschland/studienangebote/international-programmes/en/,Typical window: Oct 2026-Jan 2027 (verify). Do not tell students an exact date until verified.
48,37,University of Cologne,MSc Management,WS 2027/28,,,International,to_verify,https://www.uni-koeln.de,Typical window: Jan-May 2027 (verify). Do not tell students an exact date until verified.
49,38,Universities of Applied Sciences (add from DAAD),MSc International Business / Management,WS 2027/28,,,International,to_verify,https://www2.daad.de/deutschland/studienangebote/international-programmes/en/,Typical window: Jan-May 2027 (verify). Do not tell students an exact date until verified.
50,38,Universities of Applied Sciences (add from DAAD),MSc International Business / Management,SS 2027,,,International,to_verify,https://www2.daad.de/deutschland/studienangebote/international-programmes/en/,Typical window: Oct 2026-Jan 2027 (verify). Do not tell students an exact date until verified.
51,39,TU Munich (TUM),MSc Aerospace Engineering,WS 2027/28,,,International,to_verify,https://www.tum.de,Typical window: Jan-May 2027 (verify). Do not tell students an exact date until verified.
52,40,University of Oldenburg,MSc Renewable Energy (PPRE),WS 2027/28,,,International,to_verify,https://www.uni-oldenburg.de,Typical window: Jan-May 2027 (verify). Do not tell students an exact date until verified.
53,41,TU Chemnitz,MSc Automotive Software Engineering,WS 2027/28,,,International,to_verify,https://www.tu-chemnitz.de,Typical window: Jan-May 2027 (verify). Do not tell students an exact date until verified.
54,41,TU Chemnitz,MSc Automotive Software Engineering,SS 2027,,,International,to_verify,https://www.tu-chemnitz.de,Typical window: Oct 2026-Jan 2027 (verify). Do not tell students an exact date until verified.
55,42,Universities of Applied Sciences (add from DAAD),MEng Mechanical / Electrical / Mechatronics,WS 2027/28,,,International,to_verify,https://www2.daad.de/deutschland/studienangebote/international-programmes/en/,Typical window: Jan-May 2027 (verify). Do not tell students an exact date until verified.
56,42,Universities of Applied Sciences (add from DAAD),MEng Mechanical / Electrical / Mechatronics,SS 2027,,,International,to_verify,https://www2.daad.de/deutschland/studienangebote/international-programmes/en/,Typical window: Oct 2026-Jan 2027 (verify). Do not tell students an exact date until verified.
