program_id,university_id,university,program,field,duration_semesters,ects,tuition_per_semester_non_eu_eur,semester_contribution_eur,language_of_instruction,english_taught,ielts_min,german_requirement,gre_gate_requirement,aps_required,uni_assist_vpd,application_portal,apply_or_program_link,requirements_summary,interview_or_test,min_cgpa_numeric,competitiveness_score_1_5,verification_status,last_verified,notes
1,1,TU Munich (TUM),MSc Informatics,IT/CS,4 (2 years),120,tuition applies - verify amount,150-400 (verify),English/German,Partly - check track,6.5-7.0,German C1 for German-taught,GRE/GATE for B.Sc. holders (per TUM CIT page); verify,Yes - APS needed for Indian bachelor's degrees,Yes (TUM requires VPD),TUMonline + uni-assist VPD,https://www.cit.tum.de/en/cit/studies/degree-programs/master-informatics/,Bachelor in CS/IT or closely related; strong CS and maths credits (ECTS); English proof; APS; SOP and CV; transcripts,Written test possible (aptitude),8.5,5,verified_from_official_page,2026-10-08,"Needs APS (India), uni-assist VPD, English proof; GRE/GATE for B.Sc. holders; test possible. Summer deadline 30 Nov"
2,2,RWTH Aachen,MSc Computer Science,IT/CS,4 (2 years),120,0,300 (2024/25 listing; verify),German strongly needed; verify English option,Verify - department says German needed,6.5,German C1 for German-taught,GRE General mandatory,Yes - APS needed for Indian bachelor's degrees,Verify,RWTH online portal (online.rwth-aachen.de),https://sc.informatik.rwth-aachen.de/en/studium/master/informatik/start-ins-studium/,Bachelor in CS/IT or closely related; strong CS and maths credits (ECTS); English proof; APS; SOP and CV; transcripts,Check department page,8.0,4,verified_from_official_page,2026-10-08,GRE General mandatory; department says very good German is needed for application subjects
3,3,KIT,MSc Computer Science,IT/CS,4 (2 years),120,1500,150-400 (verify),English,Yes (verify),6.5,,GRE or GATE score required for international applicants,Yes - APS needed for Indian bachelor's degrees,Verify,KIT online portal for international applicants,https://www.informatik.kit.edu/english/mastercomputerscience.php,Bachelor in CS/IT or closely related; strong CS and maths credits (ECTS); English proof; APS; SOP and CV; transcripts,Selection by credits in theory/practical/technical CS and maths,8.0,4,verified_from_official_page,2026-10-08,"GRE or GATE score required for international applicants; EUR 1,500/semester tuition for non-EU"
4,4,TU Berlin,MSc Computer Science,IT/CS,4 (2 years),120,0,150-400 (verify),English/German,Partly - check track,6.5,German C1 for German-taught,Check program page (some require GRE/GATE),Yes - APS needed for Indian bachelor's degrees,Verify,University portal or uni-assist (verify),https://www.tu.berlin,Bachelor in CS/IT or closely related; strong CS and maths credits (ECTS); English proof; APS; SOP and CV; transcripts,Verify,8.0,4,to_verify,,
5,5,TU Darmstadt,MSc Computer Science,IT/CS,4 (2 years),120,0,150-400 (verify),English/German,Partly - check track,6.5,German C1 for German-taught,Check program page (some require GRE/GATE),Yes - APS needed for Indian bachelor's degrees,Verify,University portal or uni-assist (verify),https://www.tu-darmstadt.de,Bachelor in CS/IT or closely related; strong CS and maths credits (ECTS); English proof; APS; SOP and CV; transcripts,Verify,8.0,4,to_verify,,
6,6,University of Stuttgart,MSc Computer Science,IT/CS,4 (2 years),120,1500,150-400 (verify),English/German,Partly - check track,6.5,German C1 for German-taught,Check program page (some require GRE/GATE),Yes - APS needed for Indian bachelor's degrees,Verify,University portal or uni-assist (verify),https://www.uni-stuttgart.de,Bachelor in CS/IT or closely related; strong CS and maths credits (ECTS); English proof; APS; SOP and CV; transcripts,Verify,7.8,4,to_verify,,
7,7,TU Dresden,MSc Computer Science,IT/CS,4 (2 years),120,0,150-400 (verify),English/German,Partly - check track,6.5,German C1 for German-taught,Check program page (some require GRE/GATE),Yes - APS needed for Indian bachelor's degrees,Verify,University portal or uni-assist (verify),https://www.tu-dresden.de,Bachelor in CS/IT or closely related; strong CS and maths credits (ECTS); English proof; APS; SOP and CV; transcripts,Verify,7.5,3,to_verify,,Check language per track
8,8,Saarland University,MSc Computer Science,IT/CS,4 (2 years),120,0,150-400 (verify),English,Yes (verify),6.5,,Check program page (some require GRE/GATE),Yes - APS needed for Indian bachelor's degrees,Verify,University portal or uni-assist (verify),https://www.uni-saarland.de,Bachelor in CS/IT or closely related; strong CS and maths credits (ECTS); English proof; APS; SOP and CV; transcripts,Verify,7.5,3,to_verify,,Research oriented
9,9,University of Freiburg,MSc Computer Science,IT/CS,4 (2 years),120,1500,150-400 (verify),English,Yes (verify),6.5,,Check program page (some require GRE/GATE),Yes - APS needed for Indian bachelor's degrees,Verify,University portal or uni-assist (verify),https://www.uni-freiburg.de,Bachelor in CS/IT or closely related; strong CS and maths credits (ECTS); English proof; APS; SOP and CV; transcripts,Verify,7.5,3,to_verify,,
10,10,University of Bonn,MSc Computer Science,IT/CS,4 (2 years),120,0,150-400 (verify),English,Yes (verify),6.5,,Check program page (some require GRE/GATE),Yes - APS needed for Indian bachelor's degrees,Verify,University portal or uni-assist (verify),https://www.uni-bonn.de,Bachelor in CS/IT or closely related; strong CS and maths credits (ECTS); English proof; APS; SOP and CV; transcripts,Verify,7.5,3,to_verify,,
11,11,TU Chemnitz,MSc Computer Science,IT/CS,4 (2 years),120,0,150-400 (verify),English,Yes (verify),6.0-6.5,,Check program page (some require GRE/GATE),Yes - APS needed for Indian bachelor's degrees,Verify,University portal or uni-assist (verify),https://www.tu-chemnitz.de,Bachelor in CS/IT or closely related; strong CS and maths credits (ECTS); English proof; APS; SOP and CV; transcripts,Verify,7.0,2,to_verify,,Affordable city; popular with Indian students
12,12,TU Hamburg (TUHH),MSc Computer Science,IT/CS,4 (2 years),120,0,150-400 (verify),English,Yes (verify),6.5,,Check program page (some require GRE/GATE),Yes - APS needed for Indian bachelor's degrees,Verify,University portal or uni-assist (verify),https://www.tuhh.de,Bachelor in CS/IT or closely related; strong CS and maths credits (ECTS); English proof; APS; SOP and CV; transcripts,Verify,7.0,2,to_verify,,
13,13,University of Passau,MSc Computer Science,IT/CS,4 (2 years),120,0,150-400 (verify),English/German,Partly - check track,6.5,German C1 for German-taught,Check program page (some require GRE/GATE),Yes - APS needed for Indian bachelor's degrees,Verify,University portal or uni-assist (verify),https://www.uni-passau.de,Bachelor in CS/IT or closely related; strong CS and maths credits (ECTS); English proof; APS; SOP and CV; transcripts,Verify,7.0,2,to_verify,,Verify English track
14,14,University of Magdeburg,MSc Computer Science / Data and Knowledge Engineering,IT/CS,4 (2 years),120,0,150-400 (verify),English,Yes (verify),6.0-6.5,,Check program page (some require GRE/GATE),Yes - APS needed for Indian bachelor's degrees,Verify,University portal or uni-assist (verify),https://www.ovgu.de,Bachelor in CS/IT or closely related; strong CS and maths credits (ECTS); English proof; APS; SOP and CV; transcripts,Verify,7.0,2,to_verify,,Affordable city
15,1,TU Munich (TUM),MSc Data Engineering and Analytics,Data Science/AI,4 (2 years),120,tuition applies - verify amount,150-400 (verify),English,Yes (verify),6.5-7.0,,Check program page (some require GRE/GATE),Yes - APS needed for Indian bachelor's degrees,Yes (TUM requires VPD),University portal or uni-assist (verify),https://www.tum.de,Bachelor in CS/maths/statistics/engineering; programming and maths credits; English proof; APS; SOP and CV,Verify,8.5,5,to_verify,,
16,8,Saarland University,MSc Data Science and Artificial Intelligence,Data Science/AI,4 (2 years),120,0,150-400 (verify),English,Yes (verify),6.5,,Check program page (some require GRE/GATE),Yes - APS needed for Indian bachelor's degrees,Verify,University portal or uni-assist (verify),https://www.uni-saarland.de,Bachelor in CS/maths/statistics/engineering; programming and maths credits; English proof; APS; SOP and CV,Verify,7.5,3,to_verify,,
17,15,University of Mannheim,MSc Data Science,Data Science/AI,4 (2 years),120,1500,150-400 (verify),English,Yes (verify),6.5,,Check program page (some require GRE/GATE),Yes - APS needed for Indian bachelor's degrees,Verify,University portal or uni-assist (verify),https://www.uni-mannheim.de,Bachelor in CS/maths/statistics/engineering; programming and maths credits; English proof; APS; SOP and CV,Verify,7.5,3,to_verify,,
18,16,University of Tubingen,MSc Machine Learning,Data Science/AI,4 (2 years),120,1500,150-400 (verify),English,Yes (verify),6.5,,Check program page (some require GRE/GATE),Yes - APS needed for Indian bachelor's degrees,Verify,University portal or uni-assist (verify),https://www.uni-tuebingen.de,Bachelor in CS/maths/statistics/engineering; programming and maths credits; English proof; APS; SOP and CV,Verify,8.0,4,to_verify,,
19,15,University of Mannheim,MSc Management,Business/Management,4 (2 years),120,1500,150-400 (verify),English,Yes (verify),6.5-7.0,,Check program page (some require GRE/GATE),Yes - APS needed for Indian bachelor's degrees,Verify,University portal or uni-assist (verify),https://www.uni-mannheim.de,Business/economics background preferred; GMAT/GRE and work experience may be required; English proof; APS; CV and SOP,Verify,8.0,4,to_verify,,GMAT/GRE may be required
20,17,TUM School of Management,MSc Management,Business/Management,4 (2 years),120,tuition applies - verify amount,150-400 (verify),English,Yes (verify),6.5-7.0,,Check program page (some require GRE/GATE),Yes - APS needed for Indian bachelor's degrees,Yes (TUM requires VPD),University portal or uni-assist (verify),https://www.tum.de,Business/economics background preferred; GMAT/GRE and work experience may be required; English proof; APS; CV and SOP,Verify,8.0,4,to_verify,,
21,18,ESMT Berlin,MBA / MSc programs,Business/Management,verify,verify,private - varies,150-400 (verify),English,Yes (verify),6.5-7.0,,Check program page (some require GRE/GATE),Yes - APS needed for Indian bachelor's degrees,Verify,University portal or uni-assist (verify),https://www.esmt.org,Business/economics background preferred; GMAT/GRE and work experience may be required; English proof; APS; CV and SOP,Verify,7.0,3,to_verify,,Work experience usually required
22,19,Frankfurt School,MSc Finance / Management,Business/Management,verify,verify,private - varies,150-400 (verify),English,Yes (verify),6.5-7.0,,Check program page (some require GRE/GATE),Yes - APS needed for Indian bachelor's degrees,Verify,University portal or uni-assist (verify),https://www.frankfurt-school.de,Business/economics background preferred; GMAT/GRE and work experience may be required; English proof; APS; CV and SOP,Verify,7.0,3,to_verify,,
23,2,RWTH Aachen,MSc Mechanical Engineering (check English track),Engineering,4 (2 years),120,0,300 (2024/25 listing; verify),German/English (verify),Partly - check track,6.5,German C1 for German-taught,Check program page (some require GRE/GATE),Yes - APS needed for Indian bachelor's degrees,Verify,University portal or uni-assist (verify),https://www.rwth-aachen.de,B.E./B.Tech in the same field; core subject credits; English or German proof; APS; SOP and CV,Verify,8.0,4,to_verify,,Many engineering Masters need German
24,4,TU Berlin,MSc Electrical Engineering / Mechanical (verify tracks),Engineering,4 (2 years),120,0,150-400 (verify),German/English (verify),Partly - check track,6.5,German C1 for German-taught,Check program page (some require GRE/GATE),Yes - APS needed for Indian bachelor's degrees,Verify,University portal or uni-assist (verify),https://www.tu.berlin,B.E./B.Tech in the same field; core subject credits; English or German proof; APS; SOP and CV,Verify,8.0,4,to_verify,,
25,11,TU Chemnitz,MSc Mechanical / Electrical (verify English tracks),Engineering,4 (2 years),120,0,150-400 (verify),German/English (verify),Partly - check track,6.0-6.5,German C1 for German-taught,Check program page (some require GRE/GATE),Yes - APS needed for Indian bachelor's degrees,Verify,University portal or uni-assist (verify),https://www.tu-chemnitz.de,B.E./B.Tech in the same field; core subject credits; English or German proof; APS; SOP and CV,Verify,7.0,2,to_verify,,
26,20,Universities of Applied Sciences (add from DAAD),Add specific programs from DAAD database,All fields,4 (2 years),120,0,150-400 (verify),English/German,Partly - check track,6.0,German C1 for German-taught,Check program page (some require GRE/GATE),Yes - APS needed for Indian bachelor's degrees,Verify,University portal or uni-assist (verify),https://www2.daad.de/deutschland/studienangebote/international-programmes/en/,Check program page; bachelor in related field; language proof; APS; SOP and CV,Verify,6.0,1,to_verify,,Use DAAD International Programmes search
27,21,Charite / Berlin School of Public Health,Master of Public Health (MPH),Medical/Healthcare,4 (2 years),120,0,150-400 (verify),English,Yes (verify),6.5,,Check program page (some require GRE/GATE),Yes - APS needed for Indian bachelor's degrees,Verify,University portal or uni-assist (verify),https://www.charite.de,Relevant life-science/health/engineering bachelor; English proof; APS; SOP and CV; research experience helps,Verify,8.0,4,to_verify,,Confirm exact program name and language on official site
28,22,University of Goettingen,MSc Molecular Medicine,Medical/Healthcare,4 (2 years),120,0,150-400 (verify),English,Yes (verify),6.5,,Check program page (some require GRE/GATE),Yes - APS needed for Indian bachelor's degrees,Verify,University portal or uni-assist (verify),https://www.uni-goettingen.de,Relevant life-science/health/engineering bachelor; English proof; APS; SOP and CV; research experience helps,Verify,8.0,4,to_verify,,Confirm exact program name and language on official site
29,1,TU Munich (TUM),MSc Biomedical Engineering and Medical Physics,Medical/Healthcare,4 (2 years),120,tuition applies - verify amount,150-400 (verify),English,Yes (verify),6.5,,Check program page (some require GRE/GATE),Yes - APS needed for Indian bachelor's degrees,Yes (TUM requires VPD),University portal or uni-assist (verify),https://www.tum.de,Relevant life-science/health/engineering bachelor; English proof; APS; SOP and CV; research experience helps,Verify,8.0,4,to_verify,,Confirm exact program name and language on official site
30,23,LMU Munich,MSc Neuroscience,Medical/Healthcare,4 (2 years),120,0,150-400 (verify),English,Yes (verify),6.5-7.0,,Check program page (some require GRE/GATE),Yes - APS needed for Indian bachelor's degrees,Verify,University portal or uni-assist (verify),https://www.lmu.de,Relevant life-science/health/engineering bachelor; English proof; APS; SOP and CV; research experience helps,Verify,8.5,5,to_verify,,Confirm exact program name and language on official site
31,24,University of Tuebingen,MSc Neuroscience / Neural and Behavioural Sciences,Medical/Healthcare,4 (2 years),120,1500,150-400 (verify),English,Yes (verify),6.5,,Check program page (some require GRE/GATE),Yes - APS needed for Indian bachelor's degrees,Verify,University portal or uni-assist (verify),https://www.uni-tuebingen.de,Relevant life-science/health/engineering bachelor; English proof; APS; SOP and CV; research experience helps,Verify,8.0,4,to_verify,,Confirm exact program name and language on official site
32,25,University of Luebeck,MSc Infection Biology / Medical Informatics tracks,Medical/Healthcare,4 (2 years),120,0,150-400 (verify),English/German,Partly - check track,6.5,German C1 for German-taught,Check program page (some require GRE/GATE),Yes - APS needed for Indian bachelor's degrees,Verify,University portal or uni-assist (verify),https://www.uni-luebeck.de,Relevant life-science/health/engineering bachelor; English proof; APS; SOP and CV; research experience helps,Verify,7.5,3,to_verify,,Confirm exact program name and language on official site
33,26,Heidelberg University,Global/International Health programs,Medical/Healthcare,4 (2 years),120,1500,150-400 (verify),English,Yes (verify),6.5-7.0,,Check program page (some require GRE/GATE),Yes - APS needed for Indian bachelor's degrees,Verify,University portal or uni-assist (verify),https://www.uni-heidelberg.de,Relevant life-science/health/engineering bachelor; English proof; APS; SOP and CV; research experience helps,Verify,8.0,4,to_verify,,Confirm exact program name and language on official site
34,20,Universities of Applied Sciences (add from DAAD),Healthcare management / Biomedical / Health informatics,Medical/Healthcare,4 (2 years),120,0,150-400 (verify),English/German,Partly - check track,6.0,German C1 for German-taught,Check program page (some require GRE/GATE),Yes - APS needed for Indian bachelor's degrees,Verify,University portal or uni-assist (verify),https://www2.daad.de/deutschland/studienangebote/international-programmes/en/,Relevant life-science/health/engineering bachelor; English proof; APS; SOP and CV; research experience helps,Verify,6.5,2,to_verify,,Use DAAD search to add specific programs
35,27,WHU Otto Beisheim,MSc Management / MBA,Business/Management,verify,verify,private - varies,150-400 (verify),English,Yes (verify),6.5-7.0,,Check program page (some require GRE/GATE),Yes - APS needed for Indian bachelor's degrees,Verify,University portal or uni-assist (verify),https://www.whu.edu,Business/economics background preferred; GMAT/GRE and work experience may be required; English proof; APS; CV and SOP,Verify,7.0,3,to_verify,,Confirm exact program name and language on official site
36,28,HHL Leipzig,MSc Management,Business/Management,verify,verify,private - varies,150-400 (verify),English,Yes (verify),6.5,,Check program page (some require GRE/GATE),Yes - APS needed for Indian bachelor's degrees,Verify,University portal or uni-assist (verify),https://www.hhl.de,Business/economics background preferred; GMAT/GRE and work experience may be required; English proof; APS; CV and SOP,Verify,7.0,3,to_verify,,Confirm exact program name and language on official site
37,29,University of Cologne,MSc Management,Business/Management,4 (2 years),120,0,150-400 (verify),English,Yes (verify),6.5-7.0,,Check program page (some require GRE/GATE),Yes - APS needed for Indian bachelor's degrees,Verify,University portal or uni-assist (verify),https://www.uni-koeln.de,Business/economics background preferred; GMAT/GRE and work experience may be required; English proof; APS; CV and SOP,Verify,8.0,4,to_verify,,Confirm exact program name and language on official site
38,20,Universities of Applied Sciences (add from DAAD),MSc International Business / Management,Business/Management,4 (2 years),120,0,150-400 (verify),English,Yes (verify),6.0-6.5,,Check program page (some require GRE/GATE),Yes - APS needed for Indian bachelor's degrees,Verify,University portal or uni-assist (verify),https://www2.daad.de/deutschland/studienangebote/international-programmes/en/,Business/economics background preferred; GMAT/GRE and work experience may be required; English proof; APS; CV and SOP,Verify,6.5,2,to_verify,,Use DAAD search to add specific programs
39,1,TU Munich (TUM),MSc Aerospace Engineering,Engineering,4 (2 years),120,tuition applies - verify amount,150-400 (verify),English/German,Partly - check track,6.5-7.0,German C1 for German-taught,Check program page (some require GRE/GATE),Yes - APS needed for Indian bachelor's degrees,Yes (TUM requires VPD),University portal or uni-assist (verify),https://www.tum.de,B.E./B.Tech in the same field; core subject credits; English or German proof; APS; SOP and CV,Verify,8.5,5,to_verify,,Confirm exact program name and language on official site
40,30,University of Oldenburg,MSc Renewable Energy (PPRE),Engineering,4 (2 years),120,0,150-400 (verify),English,Yes (verify),6.5,,Check program page (some require GRE/GATE),Yes - APS needed for Indian bachelor's degrees,Verify,University portal or uni-assist (verify),https://www.uni-oldenburg.de,B.E./B.Tech in the same field; core subject credits; English or German proof; APS; SOP and CV,Verify,7.5,3,to_verify,,Confirm exact program name and language on official site
41,11,TU Chemnitz,MSc Automotive Software Engineering,Engineering,4 (2 years),120,0,150-400 (verify),English,Yes (verify),6.0-6.5,,Check program page (some require GRE/GATE),Yes - APS needed for Indian bachelor's degrees,Verify,University portal or uni-assist (verify),https://www.tu-chemnitz.de,B.E./B.Tech in the same field; core subject credits; English or German proof; APS; SOP and CV,Verify,7.0,2,to_verify,,Confirm exact program name and language on official site
42,20,Universities of Applied Sciences (add from DAAD),MEng Mechanical / Electrical / Mechatronics,Engineering,4 (2 years),120,0,150-400 (verify),English/German,Partly - check track,6.0,German C1 for German-taught,Check program page (some require GRE/GATE),Yes - APS needed for Indian bachelor's degrees,Verify,University portal or uni-assist (verify),https://www2.daad.de/deutschland/studienangebote/international-programmes/en/,B.E./B.Tech in the same field; core subject credits; English or German proof; APS; SOP and CV,Verify,6.5,2,to_verify,,Use DAAD search to add specific programs
