program_id,university,program,city,tuition_per_semester_low_eur,tuition_per_semester_high_eur,semester_contribution_low_eur,semester_contribution_high_eur,semester_contribution_note,transport_ticket_included,fee_note,source_link,status,last_checked
1,TU Munich (TUM),MSc Informatics,Munich,4000,6000,85,150,Student union fee about EUR 85-97 per semester; one source says about EUR 150; verify,Verify if transport ticket included,"TUM charges non-EU Masters students EUR 4,000 or 6,000 per semester depending on program (since WS 2024/25); waivers exist",https://www.tum.de/en/studies/fees,secondary_sources_confirm_on_tum,2026-10-08
2,RWTH Aachen,MSc Computer Science,Aachen,0,0,300,300,about EUR 300 per semester per 2024/25 listing; verify,Verify if transport ticket included,Public university without tuition for Masters (verify program),https://www.rwth-aachen.de,public_no_tuition_verify,2026-10-08
3,KIT,MSc Computer Science,Karlsruhe,1500,1500,150,400,typical range for public universities; verify,Verify if transport ticket included,"Baden-Wurttemberg charges non-EU students EUR 1,500 per semester plus the semester fee",https://www.kit.edu,state_rule_verify_exemptions,2026-10-08
4,TU Berlin,MSc Computer Science,Berlin,0,0,150,400,typical range for public universities; verify,Verify if transport ticket included,Public university without tuition for Masters (verify program),https://www.tu.berlin,public_no_tuition_verify,2026-10-08
5,TU Darmstadt,MSc Computer Science,Darmstadt,0,0,150,400,typical range for public universities; verify,Verify if transport ticket included,Public university without tuition for Masters (verify program),https://www.tu-darmstadt.de,public_no_tuition_verify,2026-10-08
6,University of Stuttgart,MSc Computer Science,Stuttgart,1500,1500,150,400,typical range for public universities; verify,Verify if transport ticket included,"Baden-Wurttemberg charges non-EU students EUR 1,500 per semester plus the semester fee",https://www.uni-stuttgart.de,state_rule_verify_exemptions,2026-10-08
7,TU Dresden,MSc Computer Science,Dresden,0,0,150,400,typical range for public universities; verify,Verify if transport ticket included,Public university without tuition for Masters (verify program),https://www.tu-dresden.de,public_no_tuition_verify,2026-10-08
8,Saarland University,MSc Computer Science,Saarbrucken,0,0,150,400,typical range for public universities; verify,Verify if transport ticket included,Public university without tuition for Masters (verify program),https://www.uni-saarland.de,public_no_tuition_verify,2026-10-08
9,University of Freiburg,MSc Computer Science,Freiburg,1500,1500,150,400,typical range for public universities; verify,Verify if transport ticket included,"Baden-Wurttemberg charges non-EU students EUR 1,500 per semester plus the semester fee",https://www.uni-freiburg.de,state_rule_verify_exemptions,2026-10-08
10,University of Bonn,MSc Computer Science,Bonn,0,0,150,400,typical range for public universities; verify,Verify if transport ticket included,Public university without tuition for Masters (verify program),https://www.uni-bonn.de,public_no_tuition_verify,2026-10-08
11,TU Chemnitz,MSc Computer Science,Chemnitz,0,0,150,400,typical range for public universities; verify,Verify if transport ticket included,Public university without tuition for Masters (verify program),https://www.tu-chemnitz.de,public_no_tuition_verify,2026-10-08
12,TU Hamburg (TUHH),MSc Computer Science,Hamburg,0,0,150,400,typical range for public universities; verify,Verify if transport ticket included,Public university without tuition for Masters (verify program),https://www.tuhh.de,public_no_tuition_verify,2026-10-08
13,University of Passau,MSc Computer Science,Passau,0,0,150,400,typical range for public universities; verify,Verify if transport ticket included,Public university without tuition for Masters (verify program),https://www.uni-passau.de,public_no_tuition_verify,2026-10-08
14,University of Magdeburg,MSc Computer Science / Data and Knowledge Engineering,Magdeburg,0,0,150,400,typical range for public universities; verify,Verify if transport ticket included,Public university without tuition for Masters (verify program),https://www.ovgu.de,public_no_tuition_verify,2026-10-08
15,TU Munich (TUM),MSc Data Engineering and Analytics,Munich,4000,6000,85,150,Student union fee about EUR 85-97 per semester; one source says about EUR 150; verify,Verify if transport ticket included,"TUM charges non-EU Masters students EUR 4,000 or 6,000 per semester depending on program (since WS 2024/25); waivers exist",https://www.tum.de/en/studies/fees,secondary_sources_confirm_on_tum,2026-10-08
16,Saarland University,MSc Data Science and Artificial Intelligence,Saarbrucken,0,0,150,400,typical range for public universities; verify,Verify if transport ticket included,Public university without tuition for Masters (verify program),https://www.uni-saarland.de,public_no_tuition_verify,2026-10-08
17,University of Mannheim,MSc Data Science,Mannheim,1500,1500,150,400,typical range for public universities; verify,Verify if transport ticket included,"Baden-Wurttemberg charges non-EU students EUR 1,500 per semester plus the semester fee",https://www.uni-mannheim.de,state_rule_verify_exemptions,2026-10-08
18,University of Tubingen,MSc Machine Learning,Tubingen,,,150,400,typical range for public universities; verify,Verify if transport ticket included,EUR 1500 per semester non-EU (verify),https://www.uni-tuebingen.de,to_verify,
19,University of Mannheim,MSc Management,Mannheim,1500,1500,150,400,typical range for public universities; verify,Verify if transport ticket included,"Baden-Wurttemberg charges non-EU students EUR 1,500 per semester plus the semester fee",https://www.uni-mannheim.de,state_rule_verify_exemptions,2026-10-08
20,TUM School of Management,MSc Management,Munich,4000,6000,85,150,Student union fee about EUR 85-97 per semester; one source says about EUR 150; verify,Verify if transport ticket included,"TUM charges non-EU Masters students EUR 4,000 or 6,000 per semester depending on program (since WS 2024/25); waivers exist",https://www.tum.de/en/studies/fees,secondary_sources_confirm_on_tum,2026-10-08
21,ESMT Berlin,MBA / MSc programs,Berlin,,,150,400,typical range for public universities; verify,Verify if transport ticket included,"Private university: tuition varies by program, often EUR 6,000-20,000+ per year; enter the real fee",https://www.esmt.org,to_verify,
22,Frankfurt School,MSc Finance / Management,Frankfurt,,,150,400,typical range for public universities; verify,Verify if transport ticket included,"Private university: tuition varies by program, often EUR 6,000-20,000+ per year; enter the real fee",https://www.frankfurt-school.de,to_verify,
23,RWTH Aachen,MSc Mechanical Engineering (check English track),Aachen,0,0,300,300,about EUR 300 per semester per 2024/25 listing; verify,Verify if transport ticket included,Public university without tuition for Masters (verify program),https://www.rwth-aachen.de,public_no_tuition_verify,2026-10-08
24,TU Berlin,MSc Electrical Engineering / Mechanical (verify tracks),Berlin,0,0,150,400,typical range for public universities; verify,Verify if transport ticket included,Public university without tuition for Masters (verify program),https://www.tu.berlin,public_no_tuition_verify,2026-10-08
25,TU Chemnitz,MSc Mechanical / Electrical (verify English tracks),Chemnitz,0,0,150,400,typical range for public universities; verify,Verify if transport ticket included,Public university without tuition for Masters (verify program),https://www.tu-chemnitz.de,public_no_tuition_verify,2026-10-08
26,Universities of Applied Sciences (add from DAAD),Add specific programs from DAAD database,Various,0,0,150,400,typical range for public universities; verify,Verify if transport ticket included,Public university without tuition for Masters (verify program),https://www.daad.de,public_no_tuition_verify,2026-10-08
27,Charite / Berlin School of Public Health,Master of Public Health (MPH),Berlin,0,0,150,400,typical range for public universities; verify,Verify if transport ticket included,Public university without tuition for Masters (verify program),https://www.charite.de,public_no_tuition_verify,2026-10-08
28,University of Goettingen,MSc Molecular Medicine,Goettingen,0,0,150,400,typical range for public universities; verify,Verify if transport ticket included,Public university without tuition for Masters (verify program),https://www.uni-goettingen.de,public_no_tuition_verify,2026-10-08
29,TU Munich (TUM),MSc Biomedical Engineering and Medical Physics,Munich,4000,6000,85,150,Student union fee about EUR 85-97 per semester; one source says about EUR 150; verify,Verify if transport ticket included,"TUM charges non-EU Masters students EUR 4,000 or 6,000 per semester depending on program (since WS 2024/25); waivers exist",https://www.tum.de/en/studies/fees,secondary_sources_confirm_on_tum,2026-10-08
30,LMU Munich,MSc Neuroscience,Munich,0,0,150,400,typical range for public universities; verify,Verify if transport ticket included,Public university without tuition for Masters (verify program),https://www.lmu.de,public_no_tuition_verify,2026-10-08
31,University of Tuebingen,MSc Neuroscience / Neural and Behavioural Sciences,Tuebingen,1500,1500,150,400,typical range for public universities; verify,Verify if transport ticket included,"Baden-Wurttemberg charges non-EU students EUR 1,500 per semester plus the semester fee",https://www.uni-tuebingen.de,state_rule_verify_exemptions,2026-10-08
32,University of Luebeck,MSc Infection Biology / Medical Informatics tracks,Luebeck,0,0,150,400,typical range for public universities; verify,Verify if transport ticket included,Public university without tuition for Masters (verify program),https://www.uni-luebeck.de,public_no_tuition_verify,2026-10-08
33,Heidelberg University,Global/International Health programs,Heidelberg,1500,1500,150,400,typical range for public universities; verify,Verify if transport ticket included,"Baden-Wurttemberg charges non-EU students EUR 1,500 per semester plus the semester fee",https://www.uni-heidelberg.de,state_rule_verify_exemptions,2026-10-08
34,Universities of Applied Sciences (add from DAAD),Healthcare management / Biomedical / Health informatics,Various,0,0,150,400,typical range for public universities; verify,Verify if transport ticket included,Public university without tuition for Masters (verify program),https://www.daad.de,public_no_tuition_verify,2026-10-08
35,WHU Otto Beisheim,MSc Management / MBA,Vallendar,,,150,400,typical range for public universities; verify,Verify if transport ticket included,"Private university: tuition varies by program, often EUR 6,000-20,000+ per year; enter the real fee",https://www.whu.edu,to_verify,
36,HHL Leipzig,MSc Management,Leipzig,,,150,400,typical range for public universities; verify,Verify if transport ticket included,"Private university: tuition varies by program, often EUR 6,000-20,000+ per year; enter the real fee",https://www.hhl.de,to_verify,
37,University of Cologne,MSc Management,Cologne,0,0,150,400,typical range for public universities; verify,Verify if transport ticket included,Public university without tuition for Masters (verify program),https://www.uni-koeln.de,public_no_tuition_verify,2026-10-08
38,Universities of Applied Sciences (add from DAAD),MSc International Business / Management,Various,0,0,150,400,typical range for public universities; verify,Verify if transport ticket included,Public university without tuition for Masters (verify program),https://www.daad.de,public_no_tuition_verify,2026-10-08
39,TU Munich (TUM),MSc Aerospace Engineering,Munich,4000,6000,85,150,Student union fee about EUR 85-97 per semester; one source says about EUR 150; verify,Verify if transport ticket included,"TUM charges non-EU Masters students EUR 4,000 or 6,000 per semester depending on program (since WS 2024/25); waivers exist",https://www.tum.de/en/studies/fees,secondary_sources_confirm_on_tum,2026-10-08
40,University of Oldenburg,MSc Renewable Energy (PPRE),Oldenburg,0,0,150,400,typical range for public universities; verify,Verify if transport ticket included,Public university without tuition for Masters (verify program),https://www.uni-oldenburg.de,public_no_tuition_verify,2026-10-08
41,TU Chemnitz,MSc Automotive Software Engineering,Chemnitz,0,0,150,400,typical range for public universities; verify,Verify if transport ticket included,Public university without tuition for Masters (verify program),https://www.tu-chemnitz.de,public_no_tuition_verify,2026-10-08
42,Universities of Applied Sciences (add from DAAD),MEng Mechanical / Electrical / Mechatronics,Various,0,0,150,400,typical range for public universities; verify,Verify if transport ticket included,Public university without tuition for Masters (verify program),https://www.daad.de,public_no_tuition_verify,2026-10-08
