order,document,app_group,required,what_to_prepare,tip
1,Valid Passport,Valid Passport,Yes,Passport with enough validity plus copies of the photo page,Valid beyond your planned stay; keep copies
2,Admission Letter,Admission Letter,Yes,Letter from the university (conditional or unconditional as the mission allows),Check which type your mission accepts
3,Proof of Funds,Proof of Funds (Blocked Account),Yes,"Blocked account confirmation, or other accepted proof","EUR 11,904 for 2026; confirm accepted alternatives with the embassy"
4,Health Insurance,Health Insurance,Yes,Insurance confirmation covering the visa period,Public insurance after enrolment
5,APS Certificate,APS Certificate (if required),Yes for Indian bachelor's degrees,APS certificate from APS India,Start 3-6 weeks before other steps
6,CV,CV & Motivation Letter,Yes,Europass-style CV,Keep consistent with SOP
7,Motivation Letter,CV & Motivation Letter,Yes,Letter explaining your study plan and why Germany,Often asked in the visa interview
8,Academic Transcripts,Academic Transcripts,Yes,Degree certificate and all semester marksheets,Include grading scale
9,Language Certificate,Language Certificate,Yes,IELTS/TOEFL or German certificate,Check validity
10,Passport Photos,Passport Photos,Yes,Biometric photos in the required format,Carry extra
11,Visa Application Form,Visa Application Form,Yes,Completed national visa application form,Sign where required
12,VFS Appointment Confirmation and Fee Receipt,Visa Appointment,Yes,Appointment confirmation and payment proof,Visa fee about EUR 75 plus VFS service fee; verify
