category,question,answer
Costs,How much does it cost to study in Germany in the first year?,"Roughly tuition (0 at many public universities, 1,500 per semester in Baden-Wurttemberg, 4,000-6,000 per semester at TUM Masters), plus about EUR 11,000-16,000 for living, insurance, visa and setup. Use the calculator for your university."
Costs,Is TUM free for Indian students?,"No. Since winter 2024/25 TUM charges non-EU Masters students EUR 4,000 or 6,000 per semester depending on the program, plus a semester fee. Waivers and scholarships exist. Confirm on tum.de."
Costs,Is tuition free at KIT?,"No. Baden-Wurttemberg charges non-EU students EUR 1,500 per semester plus the semester fee. Verify exemptions."
Costs,Why is my cost estimate a range?,"Rent, food and fees vary by city and lifestyle, and some fees are not verified yet. The range avoids false precision."
Costs,How are costs converted to rupees?,"With the exchange rate shown in the app as of a date. Banks add a margin and fees, so budget 2-3 percent extra."
Blocked account,How much is the blocked account in 2026?,"EUR 11,904 for 12 months, which is EUR 992 per month."
Blocked account,Is the blocked account an extra cost?,"No. It is your own money, released monthly to pay for living. Only the provider's fees are extra."
Blocked account,Which blocked account provider is best?,"Expatrio, Fintiba and Coracle are commonly used. Fees differ between sources, so compare current prices and check availability before choosing."
Blocked account,When do I open the blocked account?,After admission and before the visa appointment; the certificate is a visa document.
Insurance,Is health insurance compulsory?,Yes. You need insurance for the visa and public insurance after enrolment. Students are usually covered until age 30 or the 14th subject semester.
Insurance,How much is student health insurance?,Roughly EUR 130-150 per month for public insurance; verify current prices with the insurer.
Visa,Which visa do I need?,Most admitted Indian students apply for the Student Visa (Type D) through the German mission and VFS.
Visa,Which documents are needed?,"Passport, admission letter, proof of funds, health insurance, APS certificate, CV and motivation letter, transcripts, language certificate, photos and the application form."
Visa,When should I book the visa appointment?,About 3-4 months before the intake; June to September is the busy season.
Visa,How long does the visa take?,Often 4-12 weeks after the appointment; it can vary.
Visa,What is the visa fee?,About EUR 75 plus a VFS service fee; verify current amounts.
Visa,What if my visa is rejected?,"Read the reasons, fix document or funds issues and re-apply, or file an objection within the stated period. A counselor can help."
Visa,Can the blocked account be replaced by a loan or sponsor letter?,"Some missions accept other proof, but rules differ. Check the German embassy website before relying on it."
Loans,Can I use an education loan for Germany?,Yes. Banks may finance living costs and sometimes tuition. Ask the bank how the sanction letter can be used as proof of funds.
Loans,Will I pay tax when sending money abroad?,Banks may collect tax at source above certain limits and rules have changed recently. Ask your bank for current rules.
Scholarships,Can I get a tuition waiver at TUM?,TUM offers merit and need-based waivers and scholarships. Check TUM's waiver page for eligibility and deadlines.
Work,Can I earn while studying?,"Yes, up to 140 full days or 280 half days a year, but income rarely covers all costs."
App,Why do the app's numbers differ from other websites?,Fees and rates change. Always check the 'last verified' date and the official source link.
